"","drug_concept_id","drug","ingredient_concept_id","ingredient","n_records","n_patients","domain_id","vocabulary_id","concept_class_id","standard_concept","concept_code","valid_start_date","valid_end_date","invalid_reason","amount_value","amount_unit_concept_id","numerator_value","numerator_unit_concept_id","numerator_unit","denominator_value","denominator_unit_concept_id","denominator_unit","box_size","amount_unit","dose_form","result_obscured","cdm_name"
"1",19006595,"lymecycline 408 MG Oral Capsule",19092353,"lymecycline",8829,1727,"Drug","RxNorm","Clinical Drug","S","105224",1970-01-01,2099-12-31,NA,408,8576,NA,NA,NA,NA,NA,NA,NA,"milligram","Oral Capsule",FALSE,"GOLD_100k"
"2",21094221,"Lymecycline 408 MG Oral Capsule [Tetralysal] by DE",19092353,"lymecycline",NA,NA,"Drug","RxNorm Extension","Marketed Product","S","OMOP408814",2017-08-24,2099-12-31,NA,408,8576,NA,NA,NA,NA,NA,NA,NA,"milligram","Oral Capsule",TRUE,"GOLD_100k"
"3",21123581,"Lymecycline 408 MG Oral Capsule [Tetralysal] by Galderma",19092353,"lymecycline",658,140,"Drug","RxNorm Extension","Marketed Product","S","OMOP408812",2017-08-24,2099-12-31,NA,408,8576,NA,NA,NA,NA,NA,NA,NA,"milligram","Oral Capsule",FALSE,"GOLD_100k"
"4",925952,"oxytetracycline",925952,"oxytetracycline",15,9,"Drug","RxNorm","Ingredient","S","7821",1970-01-01,2099-12-31,NA,NA,8576,NA,NA,NA,NA,NA,NA,NA,"milligram",NA,FALSE,"GOLD_100k"
"5",19006641,"oxytetracycline 250 MG Oral Capsule [Terramycin]",925952,"oxytetracycline",NA,NA,"Drug","RxNorm","Branded Drug","S","105230",1970-01-01,2099-12-31,NA,250,8576,NA,NA,NA,NA,NA,NA,NA,"milligram","Oral Capsule",TRUE,"GOLD_100k"
"6",19061668,"hydrocortisone 0.01 MG/MG / oxytetracycline 0.03 MG/MG Topical Ointment",925952,"oxytetracycline",16,15,"Drug","RxNorm","Clinical Drug","S","249207",1970-01-01,2099-12-31,NA,NA,NA,0.03,8576,"milligram",NA,8576,"milligram",NA,NA,"Topical Ointment",FALSE,"GOLD_100k"
"7",19079186,"oxytetracycline 250 MG Oral Tablet",925952,"oxytetracycline",12076,3234,"Drug","RxNorm","Clinical Drug","S","312190",1970-01-01,2099-12-31,NA,250,8576,NA,NA,NA,NA,NA,NA,NA,"milligram","Oral Tablet",FALSE,"GOLD_100k"
"8",19082577,"oxytetracycline 250 MG Oral Capsule",925952,"oxytetracycline",432,171,"Drug","RxNorm","Clinical Drug","S","317570",1970-01-01,2099-12-31,NA,250,8576,NA,NA,NA,NA,NA,NA,NA,"milligram","Oral Capsule",FALSE,"GOLD_100k"
"9",19086073,"oxytetracycline 25 MG/ML",925952,"oxytetracycline",NA,NA,"Drug","RxNorm","Clinical Drug Comp","S","330748",1970-01-01,2099-12-31,NA,NA,NA,25,8576,"milligram",NA,8587,"milliliter",NA,NA,NA,TRUE,"GOLD_100k"
"10",21032293,"Oxytetracycline 250 MG Oral Tablet [Oxytetramix] by Ashbourne",925952,"oxytetracycline",22,13,"Drug","RxNorm Extension","Marketed Product","S","OMOP354448",2017-08-24,2099-12-31,NA,250,8576,NA,NA,NA,NA,NA,NA,NA,"milligram","Oral Tablet",FALSE,"GOLD_100k"
"11",21130347,"Oxytetracycline 250 MG Oral Tablet [Terramycin] by Pfizer",925952,"oxytetracycline",19,12,"Drug","RxNorm Extension","Marketed Product","S","OMOP354452",2017-08-24,2099-12-31,NA,250,8576,NA,NA,NA,NA,NA,NA,NA,"milligram","Oral Tablet",FALSE,"GOLD_100k"
"12",21169878,"Hydrocortisone 0.01 MG/MG / Oxytetracycline 0.03 MG/MG Topical Ointment [Terra-Cortril] by Pfizer",925952,"oxytetracycline",111,68,"Drug","RxNorm Extension","Marketed Product","S","OMOP354472",2017-08-24,2099-12-31,NA,NA,NA,0.03,8576,"milligram",NA,8576,"milligram",NA,NA,"Topical Ointment",FALSE,"GOLD_100k"
"13",21169879,"Hydrocortisone 0.01 MG/MG / Oxytetracycline 0.03 MG/MG Topical Ointment [Terra-Cortril] by Intrapharm",925952,"oxytetracycline",23,17,"Drug","RxNorm Extension","Marketed Product","S","OMOP354473",2017-08-24,2099-12-31,NA,NA,NA,0.03,8576,"milligram",NA,8576,"milligram",NA,NA,"Topical Ointment",FALSE,"GOLD_100k"
"14",36404255,"Clobetasone / Nystatin / Oxytetracycline Topical Cream [Trimovate]",925952,"oxytetracycline",12,11,"Drug","RxNorm Extension","Branded Drug Form","S","OMOP3096297",2017-08-02,2099-12-31,NA,NA,8576,NA,NA,NA,NA,NA,NA,NA,"milligram","Topical Cream",FALSE,"GOLD_100k"
"15",36406497,"Clobetasone / Nystatin / Oxytetracycline Topical Cream",925952,"oxytetracycline",239,136,"Drug","RxNorm Extension","Clinical Drug Form","S","OMOP3098539",2017-08-02,2099-12-31,NA,NA,8576,NA,NA,NA,NA,NA,NA,NA,"milligram","Topical Cream",FALSE,"GOLD_100k"
"16",36408767,"Hydrocortisone / Nystatin / Oxytetracycline Topical Cream",925952,"oxytetracycline",NA,NA,"Drug","RxNorm Extension","Clinical Drug Form","S","OMOP3100809",2017-08-02,2099-12-31,NA,NA,8576,NA,NA,NA,NA,NA,NA,NA,"milligram","Topical Cream",TRUE,"GOLD_100k"
"17",40052975,"hydrocortisone / oxytetracycline Topical Spray",925952,"oxytetracycline",NA,NA,"Drug","RxNorm","Clinical Drug Form","S","377333",1970-01-01,2099-12-31,NA,NA,8576,NA,NA,NA,NA,NA,NA,NA,"milligram","Topical Spray",TRUE,"GOLD_100k"
"18",40067401,"oxytetracycline Oral Tablet",925952,"oxytetracycline",NA,NA,"Drug","RxNorm","Clinical Drug Form","S","373209",1970-01-01,2099-12-31,NA,NA,8576,NA,NA,NA,NA,NA,NA,NA,"milligram","Oral Tablet",TRUE,"GOLD_100k"
"19",40241061,"oxytetracycline hydrochloride 500 MG Oral Tablet",925952,"oxytetracycline",NA,NA,"Drug","RxNorm","Clinical Drug","S","1114473",2011-07-31,2099-12-31,NA,500,8576,NA,NA,NA,NA,NA,NA,NA,"milligram","Oral Tablet",TRUE,"GOLD_100k"
"20",40741416,"Hydrocortisone 0.01 MG/MG / Nystatin 100 UNT/MG / Oxytetracycline 0.03 MG/MG Topical Cream [Terra-Cortril Nystatin] by Pfizer",925952,"oxytetracycline",21,18,"Drug","RxNorm Extension","Marketed Product","S","OMOP4716274",2018-06-04,2099-12-31,NA,NA,NA,0.03,8576,"milligram",NA,8576,"milligram",NA,NA,"Topical Cream",FALSE,"GOLD_100k"
"21",40741420,"Clobetasone 0.0005 MG/MG / Nystatin 100 UNT/MG / Oxytetracycline 0.03 MG/MG Topical Cream [Trimovate] by Ennogen",925952,"oxytetracycline",5890,2513,"Drug","RxNorm Extension","Marketed Product","S","OMOP4716270",2018-06-04,2099-12-31,NA,NA,NA,0.03,8576,"milligram",NA,8576,"milligram",NA,NA,"Topical Cream",FALSE,"GOLD_100k"
"22",40741422,"Clobetasone 0.0005 MG/MG / Nystatin 100 UNT/MG / Oxytetracycline 0.03 MG/MG Topical Cream",925952,"oxytetracycline",21,18,"Drug","RxNorm Extension","Clinical Drug","S","OMOP4716268",2018-06-04,2099-12-31,NA,NA,NA,0.03,8576,"milligram",NA,8576,"milligram",NA,NA,"Topical Cream",FALSE,"GOLD_100k"
"23",1708903,"minocycline 100 MG Oral Capsule",1708880,"minocycline",237,42,"Drug","RxNorm","Clinical Drug","S","197984",1970-01-01,2099-12-31,NA,100,8576,NA,NA,NA,NA,NA,NA,NA,"milligram","Oral Capsule",FALSE,"GOLD_100k"
"24",1708904,"minocycline 50 MG Oral Capsule",1708880,"minocycline",121,39,"Drug","RxNorm","Clinical Drug","S","197985",1970-01-01,2099-12-31,NA,50,8576,NA,NA,NA,NA,NA,NA,NA,"milligram","Oral Capsule",FALSE,"GOLD_100k"
"25",19006598,"minocycline 100 MG Extended Release Oral Capsule",1708880,"minocycline",2048,401,"Drug","RxNorm","Clinical Drug","S","105227",1970-01-01,2099-12-31,NA,100,8576,NA,NA,NA,NA,NA,NA,NA,"milligram","Extended Release Oral Capsule",FALSE,"GOLD_100k"
"26",19010201,"minocycline 50 MG Oral Tablet [Cyclomin]",1708880,"minocycline",NA,NA,"Drug","RxNorm","Branded Drug","S","108404",1970-01-01,2099-12-31,NA,50,8576,NA,NA,NA,NA,NA,NA,NA,"milligram","Oral Tablet",TRUE,"GOLD_100k"
"27",19010202,"minocycline 100 MG Oral Tablet [Cyclomin]",1708880,"minocycline",NA,NA,"Drug","RxNorm","Branded Drug","S","108405",1970-01-01,2099-12-31,NA,100,8576,NA,NA,NA,NA,NA,NA,NA,"milligram","Oral Tablet",TRUE,"GOLD_100k"
"28",19035325,"minocycline 50 MG Oral Tablet",1708880,"minocycline",428,75,"Drug","RxNorm","Clinical Drug","S","207362",1970-01-01,2099-12-31,NA,50,8576,NA,NA,NA,NA,NA,NA,NA,"milligram","Oral Tablet",FALSE,"GOLD_100k"
"29",19035327,"minocycline 100 MG Oral Tablet",1708880,"minocycline",283,67,"Drug","RxNorm","Clinical Drug","S","207364",1970-01-01,2099-12-31,NA,100,8576,NA,NA,NA,NA,NA,NA,NA,"milligram","Oral Tablet",FALSE,"GOLD_100k"
"30",21032282,"Minocycline 100 MG Oral Tablet [Minocin] by Wyeth",1708880,"minocycline",13,8,"Drug","RxNorm Extension","Marketed Product","S","OMOP354315",2017-08-24,2099-12-31,NA,100,8576,NA,NA,NA,NA,NA,NA,NA,"milligram","Oral Tablet",FALSE,"GOLD_100k"
"31",21042223,"Minocycline 100 MG Oral Capsule [Aknemin] by Almirall",1708880,"minocycline",NA,NA,"Drug","RxNorm Extension","Marketed Product","S","OMOP354233",2017-08-24,2099-12-31,NA,100,8576,NA,NA,NA,NA,NA,NA,NA,"milligram","Oral Capsule",TRUE,"GOLD_100k"
"32",21061788,"Minocycline 50 MG Oral Tablet [Blemix] by Ashbourne",1708880,"minocycline",NA,NA,"Drug","RxNorm Extension","Marketed Product","S","OMOP354222",2017-08-24,2099-12-31,NA,50,8576,NA,NA,NA,NA,NA,NA,NA,"milligram","Oral Tablet",TRUE,"GOLD_100k"
"33",21071700,"Minocycline 50 MG Oral Tablet [Minocin] by Wyeth",1708880,"minocycline",274,55,"Drug","RxNorm Extension","Marketed Product","S","OMOP354225",2017-08-24,2099-12-31,NA,50,8576,NA,NA,NA,NA,NA,NA,NA,"milligram","Oral Tablet",FALSE,"GOLD_100k"
"34",21120560,"Minocycline 100 MG Oral Tablet [Blemix] by Ashbourne",1708880,"minocycline",NA,NA,"Drug","RxNorm Extension","Marketed Product","S","OMOP354311",2017-08-24,2099-12-31,NA,100,8576,NA,NA,NA,NA,NA,NA,NA,"milligram","Oral Tablet",TRUE,"GOLD_100k"
"35",36062221,"minocycline 100 MG Extended Release Oral Capsule [Minocin MR] by Mylan",1708880,"minocycline",849,220,"Drug","RxNorm Extension","Marketed Product","S","OMOP4988224",2020-08-17,2099-12-31,NA,100,8576,NA,NA,NA,NA,NA,NA,NA,"milligram","Extended Release Oral Capsule",FALSE,"GOLD_100k"
"36",918363,"benzoyl peroxide 0.05 MG/MG / erythromycin 0.03 MG/MG Topical Gel",1746940,"erythromycin",71,38,"Drug","RxNorm","Clinical Drug","S","244374",1970-01-01,2099-12-31,NA,NA,NA,0.03,8576,"milligram",NA,8576,"milligram",NA,NA,"Topical Gel",FALSE,"GOLD_100k"
"37",1746940,"erythromycin",1746940,"erythromycin",9,8,"Drug","RxNorm","Ingredient","S","4053",1970-01-01,2099-12-31,NA,NA,8576,NA,NA,NA,NA,NA,NA,NA,"milligram",NA,FALSE,"GOLD_100k"
"38",1747077,"erythromycin 500 MG Oral Capsule",1746940,"erythromycin",NA,NA,"Drug","RxNorm","Clinical Drug","S","249743",1970-01-01,2099-12-31,NA,500,8576,NA,NA,NA,NA,NA,NA,NA,"milligram","Oral Capsule",TRUE,"GOLD_100k"
"39",1747204,"erythromycin 25 MG/ML Oral Suspension",1746940,"erythromycin",3397,1908,"Drug","RxNorm","Clinical Drug","S","313968",1970-01-01,2099-12-31,NA,NA,NA,25,8576,"milligram",NA,8587,"milliliter",NA,NA,"Oral Suspension",FALSE,"GOLD_100k"
"40",1747294,"erythromycin 100 MG/ML Oral Suspension",1746940,"erythromycin",311,177,"Drug","RxNorm","Clinical Drug","S","425351",1970-01-01,2099-12-31,NA,NA,NA,100,8576,"milligram",NA,8587,"milliliter",NA,NA,"Oral Suspension",FALSE,"GOLD_100k"
"41",1747328,"erythromycin stearate 25 MG/ML Oral Suspension",1746940,"erythromycin",30,22,"Drug","RxNorm","Clinical Drug","S","487154",1970-01-01,2099-12-31,NA,NA,NA,25,8576,"milligram",NA,8587,"milliliter",NA,NA,"Oral Suspension",FALSE,"GOLD_100k"
"42",1747352,"erythromycin 500 MG Extended Release Oral Tablet",1746940,"erythromycin",NA,NA,"Drug","RxNorm","Clinical Drug","S","578654",2005-11-13,2099-12-31,NA,500,8576,NA,NA,NA,NA,NA,NA,NA,"milligram","Extended Release Oral Tablet",TRUE,"GOLD_100k"
"43",1747354,"erythromycin 50 MG/ML Oral Suspension",1746940,"erythromycin",51,37,"Drug","RxNorm","Clinical Drug","S","597193",2006-01-15,2099-12-31,NA,NA,NA,50,8576,"milligram",NA,8587,"milliliter",NA,NA,"Oral Suspension",FALSE,"GOLD_100k"
"44",1747355,"erythromycin estolate 50 MG/ML Oral Suspension",1746940,"erythromycin",2854,1674,"Drug","RxNorm","Clinical Drug","S","597194",2006-01-15,2099-12-31,NA,NA,NA,50,8576,"milligram",NA,8587,"milliliter",NA,NA,"Oral Suspension",FALSE,"GOLD_100k"
"45",1747396,"erythromycin stearate 250 MG Oral Tablet",1746940,"erythromycin",760,514,"Drug","RxNorm","Clinical Drug","S","686355",2007-02-25,2099-12-31,NA,250,8576,NA,NA,NA,NA,NA,NA,NA,"milligram","Oral Tablet",FALSE,"GOLD_100k"
"46",1747454,"erythromycin stearate 250 MG Delayed Release Oral Tablet",1746940,"erythromycin",17684,7576,"Drug","RxNorm","Clinical Drug","S","751864",2008-01-27,2099-12-31,NA,250,8576,NA,NA,NA,NA,NA,NA,NA,"milligram","Delayed Release Oral Tablet",FALSE,"GOLD_100k"
"47",19006650,"erythromycin 100 MG/ML Oral Suspension [Erythroped Forte]",1746940,"erythromycin",12,10,"Drug","RxNorm","Branded Drug","S","105249",1970-01-01,2099-12-31,NA,NA,NA,100,8576,"milligram",NA,8587,"milliliter",NA,NA,"Oral Suspension",FALSE,"GOLD_100k"
"48",19006681,"erythromycin 25 MG/ML Oral Suspension [Erythroped PI]",1746940,"erythromycin",108,85,"Drug","RxNorm","Branded Drug","S","105250",1970-01-01,2099-12-31,NA,NA,NA,25,8576,"milligram",NA,8587,"milliliter",NA,NA,"Oral Suspension",FALSE,"GOLD_100k"
"49",19006683,"erythromycin 500 MG Oral Tablet [Erythroped A]",1746940,"erythromycin",542,363,"Drug","RxNorm","Branded Drug","S","105253",1970-01-01,2099-12-31,NA,500,8576,NA,NA,NA,NA,NA,NA,NA,"milligram","Oral Tablet",FALSE,"GOLD_100k"
"50",19008692,"erythromycin 40 MG/ML / zinc acetate 12 MG/ML Topical Solution",1746940,"erythromycin",1833,500,"Drug","RxNorm","Clinical Drug","S","106307",1970-01-01,2099-12-31,NA,NA,NA,40,8576,"milligram",NA,8587,"milliliter",NA,NA,"Topical Solution",FALSE,"GOLD_100k"
"51",19009353,"erythromycin stearate 50 MG/ML Oral Suspension [Erythroped]",1746940,"erythromycin",101,82,"Drug","RxNorm","Branded Drug","S","106854",1970-01-01,2099-12-31,NA,NA,NA,50,8576,"milligram",NA,8587,"milliliter",NA,NA,"Oral Suspension",FALSE,"GOLD_100k"
"52",19012502,"erythromycin 250 MG Delayed Release Oral Capsule [Erymax]",1746940,"erythromycin",324,201,"Drug","RxNorm","Branded Drug","S","150822",1970-01-01,2099-12-31,NA,250,8576,NA,NA,NA,NA,NA,NA,NA,"milligram","Delayed Release Oral Capsule",FALSE,"GOLD_100k"
"53",19031302,"erythromycin estolate 250 MG Oral Capsule [Ilosone]",1746940,"erythromycin",NA,NA,"Drug","RxNorm","Branded Drug","S","206096",1970-01-01,2099-12-31,NA,250,8576,NA,NA,NA,NA,NA,NA,NA,"milligram","Oral Capsule",TRUE,"GOLD_100k"
"54",19063438,"erythromycin 0.04 MG/MG Topical Gel",1746940,"erythromycin",25,22,"Drug","RxNorm","Clinical Drug","S","250697",1970-01-01,2099-12-31,NA,NA,NA,0.04,8576,"milligram",NA,8576,"milligram",NA,NA,"Topical Gel",FALSE,"GOLD_100k"
"55",19063691,"erythromycin 1000 MG Oral Granules",1746940,"erythromycin",NA,NA,"Drug","RxNorm","Clinical Drug","S","250789",1970-01-01,2099-12-31,NA,1000,8576,NA,NA,NA,NA,NA,NA,NA,"milligram","Oral Granules",TRUE,"GOLD_100k"
"56",19063692,"erythromycin 125 MG Oral Granules",1746940,"erythromycin",NA,NA,"Drug","RxNorm","Clinical Drug","S","250790",1970-01-01,2099-12-31,NA,125,8576,NA,NA,NA,NA,NA,NA,NA,"milligram","Oral Granules",TRUE,"GOLD_100k"
"57",19063693,"erythromycin 250 MG Oral Granules",1746940,"erythromycin",NA,NA,"Drug","RxNorm","Clinical Drug","S","250791",1970-01-01,2099-12-31,NA,250,8576,NA,NA,NA,NA,NA,NA,NA,"milligram","Oral Granules",TRUE,"GOLD_100k"
"58",19063694,"erythromycin 500 MG Oral Granules",1746940,"erythromycin",NA,NA,"Drug","RxNorm","Clinical Drug","S","250792",1970-01-01,2099-12-31,NA,500,8576,NA,NA,NA,NA,NA,NA,NA,"milligram","Oral Granules",TRUE,"GOLD_100k"
"59",19076957,"erythromycin 250 MG Delayed Release Oral Capsule",1746940,"erythromycin",2543,1557,"Drug","RxNorm","Clinical Drug","S","310154",1970-01-01,2099-12-31,NA,250,8576,NA,NA,NA,NA,NA,NA,NA,"milligram","Delayed Release Oral Capsule",FALSE,"GOLD_100k"
"60",19076960,"erythromycin 500 MG Delayed Release Oral Tablet",1746940,"erythromycin",641,435,"Drug","RxNorm","Clinical Drug","S","310157",1970-01-01,2099-12-31,NA,500,8576,NA,NA,NA,NA,NA,NA,NA,"milligram","Delayed Release Oral Tablet",FALSE,"GOLD_100k"
"61",19082703,"erythromycin 20 MG/ML Topical Solution",1746940,"erythromycin",193,91,"Drug","RxNorm","Clinical Drug","S","318202",1970-01-01,2099-12-31,NA,NA,NA,20,8576,"milligram",NA,8587,"milliliter",NA,NA,"Topical Solution",FALSE,"GOLD_100k"
"62",19101783,"erythromycin 40 MG/ML / tretinoin 0.25 MG/ML Topical Solution",1746940,"erythromycin",18,14,"Drug","RxNorm","Clinical Drug","S","389251",1970-01-01,2099-12-31,NA,NA,NA,40,8576,"milligram",NA,8587,"milliliter",NA,NA,"Topical Solution",FALSE,"GOLD_100k"
"63",19116110,"erythromycin 100 MG/ML [Erythroped Forte]",1746940,"erythromycin",49,38,"Drug","RxNorm","Branded Drug Comp","S","563995",2005-09-11,2099-12-31,NA,NA,NA,100,8576,"milligram",NA,8587,"milliliter",NA,NA,NA,FALSE,"GOLD_100k"
"64",19116111,"erythromycin 25 MG/ML [Erythroped PI]",1746940,"erythromycin",184,119,"Drug","RxNorm","Branded Drug Comp","S","563996",2005-09-11,2099-12-31,NA,NA,NA,25,8576,"milligram",NA,8587,"milliliter",NA,NA,NA,FALSE,"GOLD_100k"
"65",19116112,"erythromycin 25 MG/ML [Rommix]",1746940,"erythromycin",NA,NA,"Drug","RxNorm","Branded Drug Comp","S","563997",2005-09-11,2099-12-31,NA,NA,NA,25,8576,"milligram",NA,8587,"milliliter",NA,NA,NA,TRUE,"GOLD_100k"
"66",19122216,"erythromycin 250 MG Oral Capsule",1746940,"erythromycin",8,8,"Drug","RxNorm","Clinical Drug","S","598008",2006-01-15,2099-12-31,NA,250,8576,NA,NA,NA,NA,NA,NA,NA,"milligram","Oral Capsule",FALSE,"GOLD_100k"
"67",19125430,"erythromycin stearate 500 MG Oral Tablet",1746940,"erythromycin",1996,1197,"Drug","RxNorm","Clinical Drug","S","686406",2007-02-25,2099-12-31,NA,500,8576,NA,NA,NA,NA,NA,NA,NA,"milligram","Oral Tablet",FALSE,"GOLD_100k"
"68",19126513,"erythromycin stearate 50 MG/ML [Erythroped]",1746940,"erythromycin",277,176,"Drug","RxNorm","Branded Drug Comp","S","706117",2007-07-01,2099-12-31,NA,NA,NA,50,8576,"milligram",NA,8587,"milliliter",NA,NA,NA,FALSE,"GOLD_100k"
"69",19126529,"erythromycin stearate 50 MG/ML [Erymin]",1746940,"erythromycin",NA,NA,"Drug","RxNorm","Branded Drug Comp","S","706146",2007-07-01,2099-12-31,NA,NA,NA,50,8576,"milligram",NA,8587,"milliliter",NA,NA,NA,TRUE,"GOLD_100k"
"70",21022595,"Erythromycin 25 MG/ML Oral Suspension by A A H",1746940,"erythromycin",NA,NA,"Drug","RxNorm Extension","Marketed Product","S","OMOP355253",2017-08-24,2099-12-31,NA,NA,NA,25,8576,"milligram",NA,8587,"milliliter",NA,NA,"Oral Suspension",TRUE,"GOLD_100k"
"71",21022613,"Erythromycin 40 MG/ML / Tretinoin 0.25 MG/ML Topical Solution [Aknemycin] by Almirall",1746940,"erythromycin",37,18,"Drug","RxNorm Extension","Marketed Product","S","OMOP355530",2017-08-24,2099-12-31,NA,NA,NA,40,8576,"milligram",NA,8587,"milliliter",NA,NA,"Topical Solution",FALSE,"GOLD_100k"
"72",21032338,"Erythromycin 500 MG Oral Tablet [Erythrolar] by Ennogen",1746940,"erythromycin",NA,NA,"Drug","RxNorm Extension","Marketed Product","S","OMOP355269",2017-08-24,2099-12-31,NA,500,8576,NA,NA,NA,NA,NA,NA,NA,"milligram","Oral Tablet",TRUE,"GOLD_100k"
"73",21032344,"Erythromycin 250 MG Delayed Release Oral Capsule by Actavis",1746940,"erythromycin",10,8,"Drug","RxNorm Extension","Marketed Product","S","OMOP355374",2017-08-24,2099-12-31,NA,250,8576,NA,NA,NA,NA,NA,NA,NA,"milligram","Delayed Release Oral Capsule",FALSE,"GOLD_100k"
"74",21032352,"Erythromycin 50 MG/ML Oral Suspension by TEVA",1746940,"erythromycin",NA,NA,"Drug","RxNorm Extension","Marketed Product","S","OMOP355513",2017-08-24,2099-12-31,NA,NA,NA,50,8576,"milligram",NA,8587,"milliliter",NA,NA,"Oral Suspension",TRUE,"GOLD_100k"
"75",21042286,"Erythromycin 250 MG Delayed Release Oral Tablet by Mylan",1746940,"erythromycin",NA,NA,"Drug","RxNorm Extension","Marketed Product","S","OMOP355425",2017-08-24,2099-12-31,NA,250,8576,NA,NA,NA,NA,NA,NA,NA,"milligram","Delayed Release Oral Tablet",TRUE,"GOLD_100k"
"76",21052046,"Erythromycin 500 MG Oral Tablet [Erythrocin] by AMCo",1746940,"erythromycin",30,27,"Drug","RxNorm Extension","Marketed Product","S","OMOP355306",2017-08-24,2099-12-31,NA,500,8576,NA,NA,NA,NA,NA,NA,NA,"milligram","Oral Tablet",FALSE,"GOLD_100k"
"77",21061866,"Erythromycin 0.02 MG/MG / Isotretinoin 0.0005 MG/MG Vaginal Gel",1746940,"erythromycin",82,33,"Drug","RxNorm Extension","Clinical Drug","S","OMOP355522",2017-08-24,2099-12-31,NA,NA,NA,0.02,8576,"milligram",NA,8576,"milligram",NA,NA,"Vaginal Gel",FALSE,"GOLD_100k"
"78",21071768,"Erythromycin 250 MG Oral Tablet [Erythrocin]",1746940,"erythromycin",49,39,"Drug","RxNorm Extension","Branded Drug","S","OMOP355417",2017-08-24,2099-12-31,NA,250,8576,NA,NA,NA,NA,NA,NA,NA,"milligram","Oral Tablet",FALSE,"GOLD_100k"
"79",21071769,"Erythromycin 250 MG Oral Tablet [Erythrocin] by AMCo",1746940,"erythromycin",36,31,"Drug","RxNorm Extension","Marketed Product","S","OMOP355419",2017-08-24,2099-12-31,NA,250,8576,NA,NA,NA,NA,NA,NA,NA,"milligram","Oral Tablet",FALSE,"GOLD_100k"
"80",21071772,"Erythromycin 250 MG Delayed Release Oral Tablet by A A H",1746940,"erythromycin",NA,NA,"Drug","RxNorm Extension","Marketed Product","S","OMOP355442",2017-08-24,2099-12-31,NA,250,8576,NA,NA,NA,NA,NA,NA,NA,"milligram","Delayed Release Oral Tablet",TRUE,"GOLD_100k"
"81",21071776,"Erythromycin 50 MG/ML Oral Suspension by A A H",1746940,"erythromycin",NA,NA,"Drug","RxNorm Extension","Marketed Product","S","OMOP355511",2017-08-24,2099-12-31,NA,NA,NA,50,8576,"milligram",NA,8587,"milliliter",NA,NA,"Oral Suspension",TRUE,"GOLD_100k"
"82",21081465,"Erythromycin 25 MG/ML Oral Suspension by Pinewood",1746940,"erythromycin",NA,NA,"Drug","RxNorm Extension","Marketed Product","S","OMOP355254",2017-08-24,2099-12-31,NA,NA,NA,25,8576,"milligram",NA,8587,"milliliter",NA,NA,"Oral Suspension",TRUE,"GOLD_100k"
"83",21101106,"Erythromycin 500 MG Oral Tablet [Erythroped A] by AMCo",1746940,"erythromycin",32,28,"Drug","RxNorm Extension","Marketed Product","S","OMOP355276",2017-08-24,2099-12-31,NA,500,8576,NA,NA,NA,NA,NA,NA,NA,"milligram","Oral Tablet",FALSE,"GOLD_100k"
"84",21101117,"Erythromycin 250 MG Delayed Release Oral Capsule by A A H",1746940,"erythromycin",NA,NA,"Drug","RxNorm Extension","Marketed Product","S","OMOP355372",2017-08-24,2099-12-31,NA,250,8576,NA,NA,NA,NA,NA,NA,NA,"milligram","Delayed Release Oral Capsule",TRUE,"GOLD_100k"
"85",21110969,"Erythromycin 250 MG Delayed Release Oral Tablet by TEVA",1746940,"erythromycin",9,5,"Drug","RxNorm Extension","Marketed Product","S","OMOP355446",2017-08-24,2099-12-31,NA,250,8576,NA,NA,NA,NA,NA,NA,NA,"milligram","Delayed Release Oral Tablet",FALSE,"GOLD_100k"
"86",21110970,"Erythromycin 250 MG Delayed Release Oral Tablet by Ivax",1746940,"erythromycin",20,12,"Drug","RxNorm Extension","Marketed Product","S","OMOP355448",2017-08-24,2099-12-31,NA,250,8576,NA,NA,NA,NA,NA,NA,NA,"milligram","Delayed Release Oral Tablet",FALSE,"GOLD_100k"
"87",21130408,"Erythromycin 250 MG Delayed Release Oral Tablet [Rommix] by Ashbourne",1746940,"erythromycin",23,11,"Drug","RxNorm Extension","Marketed Product","S","OMOP355496",2017-08-24,2099-12-31,NA,250,8576,NA,NA,NA,NA,NA,NA,NA,"milligram","Delayed Release Oral Tablet",FALSE,"GOLD_100k"
"88",21150194,"Erythromycin 25 MG/ML Oral Suspension by TEVA",1746940,"erythromycin",NA,NA,"Drug","RxNorm Extension","Marketed Product","S","OMOP355255",2017-08-24,2099-12-31,NA,NA,NA,25,8576,"milligram",NA,8587,"milliliter",NA,NA,"Oral Suspension",TRUE,"GOLD_100k"
"89",21150206,"Erythromycin 250 MG Oral Tablet [Erythrolar] by Ennogen",1746940,"erythromycin",NA,NA,"Drug","RxNorm Extension","Marketed Product","S","OMOP355414",2017-08-24,2099-12-31,NA,250,8576,NA,NA,NA,NA,NA,NA,NA,"milligram","Oral Tablet",TRUE,"GOLD_100k"
"90",21160132,"Erythromycin 20 MG/ML Topical Solution [Stiemycin] by Stiefel",1746940,"erythromycin",134,81,"Drug","RxNorm Extension","Marketed Product","S","OMOP355335",2017-08-24,2099-12-31,NA,NA,NA,20,8576,"milligram",NA,8587,"milliliter",NA,NA,"Topical Solution",FALSE,"GOLD_100k"
"91",21160134,"Erythromycin 0.02 MG/MG Vaginal Gel",1746940,"erythromycin",NA,NA,"Drug","RxNorm Extension","Clinical Drug","S","OMOP355358",2017-08-24,2099-12-31,NA,NA,NA,0.02,8576,"milligram",NA,8576,"milligram",NA,NA,"Vaginal Gel",TRUE,"GOLD_100k"
"92",21160136,"Erythromycin 250 MG Delayed Release Oral Capsule [Erymax] by TEVA",1746940,"erythromycin",129,82,"Drug","RxNorm Extension","Marketed Product","S","OMOP355403",2017-08-24,2099-12-31,NA,250,8576,NA,NA,NA,NA,NA,NA,NA,"milligram","Delayed Release Oral Capsule",FALSE,"GOLD_100k"
"93",21160137,"Erythromycin 250 MG Delayed Release Oral Tablet by Abbott",1746940,"erythromycin",NA,NA,"Drug","RxNorm Extension","Marketed Product","S","OMOP355431",2017-08-24,2099-12-31,NA,250,8576,NA,NA,NA,NA,NA,NA,NA,"milligram","Delayed Release Oral Tablet",TRUE,"GOLD_100k"
"94",35897482,"erythromycin 250 MG Delayed Release Oral Tablet by Accord",1746940,"erythromycin",NA,NA,"Drug","RxNorm Extension","Marketed Product","S","OMOP5041720",2021-02-01,2099-12-31,NA,250,8576,NA,NA,NA,NA,NA,NA,NA,"milligram","Delayed Release Oral Tablet",TRUE,"GOLD_100k"
"95",36119169,"erythromycin 40 MG/ML / zinc acetate 12 MG/ML Topical Solution [Zineryt] by Neon Healthcare",1746940,"erythromycin",4001,1085,"Drug","RxNorm Extension","Marketed Product","S","OMOP5048002",2021-06-28,2099-12-31,NA,NA,NA,40,8576,"milligram",NA,8587,"milliliter",NA,NA,"Topical Solution",FALSE,"GOLD_100k"
"96",40015668,"benzoyl peroxide / erythromycin Topical Gel",1746940,"erythromycin",17,13,"Drug","RxNorm","Clinical Drug Form","S","377970",1970-01-01,2099-12-31,NA,NA,8576,NA,NA,NA,NA,NA,NA,NA,"milligram","Topical Gel",FALSE,"GOLD_100k"
"97",40041279,"erythromycin Topical Solution",1746940,"erythromycin",NA,NA,"Drug","RxNorm","Clinical Drug Form","S","372067",1970-01-01,2099-12-31,NA,NA,8576,NA,NA,NA,NA,NA,NA,NA,"milligram","Topical Solution",TRUE,"GOLD_100k"
"98",40112580,"erythromycin Oral Solution",1746940,"erythromycin",NA,NA,"Drug","RxNorm","Clinical Drug Form","S","562280",2005-09-11,2099-12-31,NA,NA,8576,NA,NA,NA,NA,NA,NA,NA,"milligram","Oral Solution",TRUE,"GOLD_100k"
"99",40726396,"Benzoyl Peroxide 0.05 MG/MG / Erythromycin 0.03 MG/MG Topical Gel [Benzamycin] by Schwarz",1746940,"erythromycin",361,137,"Drug","RxNorm Extension","Marketed Product","S","OMOP4730797",2018-06-04,2099-12-31,NA,NA,NA,0.03,8576,"milligram",NA,8576,"milligram",NA,NA,"Topical Gel",FALSE,"GOLD_100k"
"100",40726397,"Erythromycin 50 MG/ML Oral Suspension [Erythroped] by AMCo",1746940,"erythromycin",25,21,"Drug","RxNorm Extension","Marketed Product","S","OMOP4730796",2018-06-04,2099-12-31,NA,NA,NA,50,8576,"milligram",NA,8587,"milliliter",NA,NA,"Oral Suspension",FALSE,"GOLD_100k"
"101",40726400,"Erythromycin 25 MG/ML Oral Suspension [Erythroped] by AMCo",1746940,"erythromycin",23,15,"Drug","RxNorm Extension","Marketed Product","S","OMOP4730793",2018-06-04,2099-12-31,NA,NA,NA,25,8576,"milligram",NA,8587,"milliliter",NA,NA,"Oral Suspension",FALSE,"GOLD_100k"
"102",40726425,"Erythromycin 0.02 MG/MG Topical Gel [Eryacne] by Galderma",1746940,"erythromycin",5,5,"Drug","RxNorm Extension","Marketed Product","S","OMOP4730768",2018-06-04,2099-12-31,NA,NA,NA,0.02,8576,"milligram",NA,8576,"milligram",NA,NA,"Topical Gel",FALSE,"GOLD_100k"
"103",40726441,"Erythromycin 0.04 MG/MG Topical Gel [Eryacne] by Galderma",1746940,"erythromycin",NA,NA,"Drug","RxNorm Extension","Marketed Product","S","OMOP4730752",2018-06-04,2099-12-31,NA,NA,NA,0.04,8576,"milligram",NA,8576,"milligram",NA,NA,"Topical Gel",TRUE,"GOLD_100k"
"104",40754297,"Erythromycin 0.02 MG/MG / Isotretinoin 0.0005 MG/MG Topical Gel [Isotrexin] by Stiefel",1746940,"erythromycin",111,43,"Drug","RxNorm Extension","Marketed Product","S","OMOP4702726",2018-06-04,2099-12-31,NA,NA,NA,0.02,8576,"milligram",NA,8576,"milligram",NA,NA,"Topical Gel",FALSE,"GOLD_100k"
"105",41002476,"Erythromycin 25 MG/ML Oral Suspension [Erythrocin]",1746940,"erythromycin",NA,NA,"Drug","RxNorm Extension","Branded Drug","S","OMOP2200438",2017-08-24,2099-12-31,NA,NA,NA,25,8576,"milligram",NA,8587,"milliliter",NA,NA,"Oral Suspension",TRUE,"GOLD_100k"
"106",44047737,"Erythromycin 250 MG Oral Tablet [Erythromid]",1746940,"erythromycin",NA,NA,"Drug","RxNorm Extension","Branded Drug","S","OMOP1042368",2017-08-24,2099-12-31,NA,250,8576,NA,NA,NA,NA,NA,NA,NA,"milligram","Oral Tablet",TRUE,"GOLD_100k"
"107",44063796,"Erythromycin 500 MG Oral Tablet [Erythrocin] by Abbott",1746940,"erythromycin",171,119,"Drug","RxNorm Extension","Marketed Product","S","OMOP1058427",2017-08-24,2099-12-31,NA,500,8576,NA,NA,NA,NA,NA,NA,NA,"milligram","Oral Tablet",FALSE,"GOLD_100k"
"108",44102382,"Erythromycin 250 MG Oral Tablet [Erythrocin] by Abbott",1746940,"erythromycin",224,159,"Drug","RxNorm Extension","Marketed Product","S","OMOP1097013",2017-08-24,2099-12-31,NA,250,8576,NA,NA,NA,NA,NA,NA,NA,"milligram","Oral Tablet",FALSE,"GOLD_100k"
"109",1750501,"clarithromycin 250 MG Oral Tablet",1750500,"clarithromycin",6036,3301,"Drug","RxNorm","Clinical Drug","S","197516",1970-01-01,2099-12-31,NA,250,8576,NA,NA,NA,NA,NA,NA,NA,"milligram","Oral Tablet",FALSE,"GOLD_100k"
"110",1750562,"clarithromycin 500 MG Oral Tablet",1750500,"clarithromycin",12310,6092,"Drug","RxNorm","Clinical Drug","S","197517",1970-01-01,2099-12-31,NA,500,8576,NA,NA,NA,NA,NA,NA,NA,"milligram","Oral Tablet",FALSE,"GOLD_100k"
"111",1750569,"clarithromycin 500 MG Extended Release Oral Tablet",1750500,"clarithromycin",1009,564,"Drug","RxNorm","Clinical Drug","S","259543",1970-01-01,2099-12-31,NA,500,8576,NA,NA,NA,NA,NA,NA,NA,"milligram","Extended Release Oral Tablet",FALSE,"GOLD_100k"
"112",19058072,"clarithromycin 25 MG/ML Oral Suspension",1750500,"clarithromycin",1344,804,"Drug","RxNorm","Clinical Drug","S","240741",1970-01-01,2099-12-31,NA,NA,NA,25,8576,"milligram",NA,8587,"milliliter",NA,NA,"Oral Suspension",FALSE,"GOLD_100k"
"113",19075422,"clarithromycin 50 MG/ML Oral Suspension",1750500,"clarithromycin",850,470,"Drug","RxNorm","Clinical Drug","S","309322",1970-01-01,2099-12-31,NA,NA,NA,50,8576,"milligram",NA,8587,"milliliter",NA,NA,"Oral Suspension",FALSE,"GOLD_100k"
"114",21054755,"Clarithromycin 50 MG/ML Oral Suspension [Klaricid]",1750500,"clarithromycin",9,6,"Drug","RxNorm Extension","Branded Drug","S","OMOP403937",2017-08-24,2099-12-31,NA,NA,NA,50,8576,"milligram",NA,8587,"milliliter",NA,NA,"Oral Suspension",FALSE,"GOLD_100k"
"115",21103895,"Clarithromycin 250 MG Oral Tablet [Klaricid] by Abbott",1750500,"clarithromycin",216,161,"Drug","RxNorm Extension","Marketed Product","S","OMOP403877",2017-08-24,2099-12-31,NA,250,8576,NA,NA,NA,NA,NA,NA,NA,"milligram","Oral Tablet",FALSE,"GOLD_100k"
"116",21123285,"Clarithromycin 500 MG Oral Tablet [Klaricid] by Abbott",1750500,"clarithromycin",52,46,"Drug","RxNorm Extension","Marketed Product","S","OMOP403737",2017-08-24,2099-12-31,NA,500,8576,NA,NA,NA,NA,NA,NA,NA,"milligram","Oral Tablet",FALSE,"GOLD_100k"
"117",21162865,"Clarithromycin 25 MG/ML Oral Suspension [Klaricid]",1750500,"clarithromycin",53,46,"Drug","RxNorm Extension","Branded Drug","S","OMOP403920",2017-08-24,2099-12-31,NA,NA,NA,25,8576,"milligram",NA,8587,"milliliter",NA,NA,"Oral Suspension",FALSE,"GOLD_100k"
"118",35886405,"clarithromycin 500 MG Extended Release Oral Tablet [Klaricid] by Mylan",1750500,"clarithromycin",244,150,"Drug","RxNorm Extension","Marketed Product","S","OMOP5033785",2020-12-07,2099-12-31,NA,500,8576,NA,NA,NA,NA,NA,NA,NA,"milligram","Extended Release Oral Tablet",FALSE,"GOLD_100k"
"119",40743412,"Clarithromycin 250 MG Oral Granules",1750500,"clarithromycin",39,37,"Drug","RxNorm Extension","Clinical Drug","S","OMOP4713607",2018-06-04,2099-12-31,NA,250,8576,NA,NA,NA,NA,NA,NA,NA,"milligram","Oral Granules",FALSE,"GOLD_100k"
"120",40743433,"Clarithromycin 125 MG Oral Granules",1750500,"clarithromycin",NA,NA,"Drug","RxNorm Extension","Clinical Drug","S","OMOP4713586",2018-06-04,2099-12-31,NA,125,8576,NA,NA,NA,NA,NA,NA,NA,"milligram","Oral Granules",TRUE,"GOLD_100k"
"121",40743460,"Clarithromycin 50 MG/ML Oral Suspension [Klaricid] by Mylan",1750500,"clarithromycin",NA,NA,"Drug","RxNorm Extension","Marketed Product","S","OMOP4713559",2018-06-04,2099-12-31,NA,NA,NA,50,8576,"milligram",NA,8587,"milliliter",NA,NA,"Oral Suspension",TRUE,"GOLD_100k"
"122",40744016,"Clarithromycin 25 MG/ML Oral Suspension [Klaricid] by Mylan",1750500,"clarithromycin",9,8,"Drug","RxNorm Extension","Marketed Product","S","OMOP4713625",2018-06-04,2099-12-31,NA,NA,NA,25,8576,"milligram",NA,8587,"milliliter",NA,NA,"Oral Suspension",FALSE,"GOLD_100k"
"123",40744024,"Clarithromycin 188 MG Oral Granules",1750500,"clarithromycin",NA,NA,"Drug","RxNorm Extension","Clinical Drug","S","OMOP4713617",2018-06-04,2099-12-31,NA,188,8576,NA,NA,NA,NA,NA,NA,NA,"milligram","Oral Granules",TRUE,"GOLD_100k"
"124",40744031,"Clarithromycin 250 MG Oral Granules [Klaricid] by Mylan",1750500,"clarithromycin",9,7,"Drug","RxNorm Extension","Marketed Product","S","OMOP4713610",2018-06-04,2099-12-31,NA,250,8576,NA,NA,NA,NA,NA,NA,NA,"milligram","Oral Granules",FALSE,"GOLD_100k"
"125",41242960,"Clarithromycin 500 MG Injectable Solution",1750500,"clarithromycin",NA,NA,"Drug","RxNorm Extension","Clinical Drug","S","OMOP2440922",2017-08-24,2099-12-31,NA,500,8576,NA,NA,NA,NA,NA,NA,NA,"milligram","Injectable Solution",TRUE,"GOLD_100k"
"126",1734107,"azithromycin 250 MG Oral Capsule",1734104,"azithromycin",1495,458,"Drug","RxNorm","Clinical Drug","S","141962",1970-01-01,2099-12-31,NA,250,8576,NA,NA,NA,NA,NA,NA,NA,"milligram","Oral Capsule",FALSE,"GOLD_100k"
"127",1734108,"azithromycin 40 MG/ML Oral Suspension",1734104,"azithromycin",871,166,"Drug","RxNorm","Clinical Drug","S","141963",1970-01-01,2099-12-31,NA,NA,NA,40,8576,"milligram",NA,8587,"milliliter",NA,NA,"Oral Suspension",FALSE,"GOLD_100k"
"128",1734134,"azithromycin 500 MG Oral Tablet",1734104,"azithromycin",1241,409,"Drug","RxNorm","Clinical Drug","S","248656",1970-01-01,2099-12-31,NA,500,8576,NA,NA,NA,NA,NA,NA,NA,"milligram","Oral Tablet",FALSE,"GOLD_100k"
"129",19073777,"azithromycin 250 MG Oral Tablet",1734104,"azithromycin",1512,171,"Drug","RxNorm","Clinical Drug","S","308460",1970-01-01,2099-12-31,NA,250,8576,NA,NA,NA,NA,NA,NA,NA,"milligram","Oral Tablet",FALSE,"GOLD_100k"
"130",21074770,"Azithromycin 250 MG Oral Capsule [Zithromax] by Pfizer",1734104,"azithromycin",86,58,"Drug","RxNorm Extension","Marketed Product","S","OMOP408299",2017-08-24,2099-12-31,NA,250,8576,NA,NA,NA,NA,NA,NA,NA,"milligram","Oral Capsule",FALSE,"GOLD_100k"
"131",21084468,"Azithromycin 500 MG Oral Tablet [Zithromax] by Pfizer",1734104,"azithromycin",19,16,"Drug","RxNorm Extension","Marketed Product","S","OMOP408249",2017-08-24,2099-12-31,NA,500,8576,NA,NA,NA,NA,NA,NA,NA,"milligram","Oral Tablet",FALSE,"GOLD_100k"
"132",21094196,"Azithromycin 40 MG/ML Oral Suspension [Zithromax] by Pfizer",1734104,"azithromycin",84,32,"Drug","RxNorm Extension","Marketed Product","S","OMOP408209",2017-08-24,2099-12-31,NA,NA,NA,40,8576,"milligram",NA,8587,"milliliter",NA,NA,"Oral Suspension",FALSE,"GOLD_100k"
"133",21163119,"Azithromycin 250 MG Oral Tablet by TEVA",1734104,"azithromycin",NA,NA,"Drug","RxNorm Extension","Marketed Product","S","OMOP408326",2017-08-24,2099-12-31,NA,250,8576,NA,NA,NA,NA,NA,NA,NA,"milligram","Oral Tablet",TRUE,"GOLD_100k"
"134",36896651,"250 MG Azithromycin 0.015 MG/MG Ophthalmic Solution",1734104,"azithromycin",13,6,"Drug","RxNorm Extension","Quant Clinical Drug","S","OMOP989966",2017-08-24,2099-12-31,NA,NA,NA,3.75,8576,"milligram",250,8576,"milligram",NA,NA,"Ophthalmic Solution",FALSE,"GOLD_100k"
"135",43615617,"250 MG Azithromycin 0.015 MG/MG Ophthalmic Solution [Azyter] by Thea",1734104,"azithromycin",NA,NA,"Drug","RxNorm Extension","Marketed Product","S","OMOP715498",2017-08-24,2099-12-31,NA,NA,NA,3.75,8576,"milligram",250,8576,"milligram",NA,NA,"Ophthalmic Solution",TRUE,"GOLD_100k"
"136",21084506,"Ofloxacin 3 MG/ML Ophthalmic Solution [Exocin] by Allergan",923081,"ofloxacin",43,30,"Drug","RxNorm Extension","Marketed Product","S","OMOP408930",2017-08-24,2099-12-31,NA,NA,NA,3,8576,"milligram",NA,8587,"milliliter",NA,NA,"Ophthalmic Solution",FALSE,"GOLD_100k"
"137",19079151,"ofloxacin 3 MG/ML Ophthalmic Solution",923081,"ofloxacin",136,98,"Drug","RxNorm","Clinical Drug","S","312075",1970-01-01,2099-12-31,NA,NA,NA,3,8576,"milligram",NA,8587,"milliliter",NA,NA,"Ophthalmic Solution",FALSE,"GOLD_100k"
"138",21035353,"Ofloxacin 400 MG Oral Tablet by Sandoz",923081,"ofloxacin",NA,NA,"Drug","RxNorm Extension","Marketed Product","S","OMOP408884",2017-08-24,2099-12-31,NA,400,8576,NA,NA,NA,NA,NA,NA,NA,"milligram","Oral Tablet",TRUE,"GOLD_100k"
"139",21094224,"Ofloxacin 200 MG Oral Tablet [Tarivid] by Sanofi",923081,"ofloxacin",51,41,"Drug","RxNorm Extension","Marketed Product","S","OMOP408871",2017-08-24,2099-12-31,NA,200,8576,NA,NA,NA,NA,NA,NA,NA,"milligram","Oral Tablet",FALSE,"GOLD_100k"
"140",21084501,"Ofloxacin 400 MG Oral Tablet [Tarivid] by Sanofi",923081,"ofloxacin",29,16,"Drug","RxNorm Extension","Marketed Product","S","OMOP408913",2017-08-24,2099-12-31,NA,400,8576,NA,NA,NA,NA,NA,NA,NA,"milligram","Oral Tablet",FALSE,"GOLD_100k"
"141",19019417,"ofloxacin 400 MG Oral Tablet",923081,"ofloxacin",470,298,"Drug","RxNorm","Clinical Drug","S","198050",1970-01-01,2099-12-31,NA,400,8576,NA,NA,NA,NA,NA,NA,NA,"milligram","Oral Tablet",FALSE,"GOLD_100k"
"142",19019415,"ofloxacin 200 MG Oral Tablet",923081,"ofloxacin",265,191,"Drug","RxNorm","Clinical Drug","S","198048",1970-01-01,2099-12-31,NA,200,8576,NA,NA,NA,NA,NA,NA,NA,"milligram","Oral Tablet",FALSE,"GOLD_100k"
"143",1797515,"ciprofloxacin 250 MG Oral Tablet",1797513,"ciprofloxacin",4407,2348,"Drug","RxNorm","Clinical Drug","S","197511",1970-01-01,2099-12-31,NA,250,8576,NA,NA,NA,NA,NA,NA,NA,"milligram","Oral Tablet",FALSE,"GOLD_100k"
"144",1797516,"ciprofloxacin 750 MG Oral Tablet",1797513,"ciprofloxacin",268,90,"Drug","RxNorm","Clinical Drug","S","197512",1970-01-01,2099-12-31,NA,750,8576,NA,NA,NA,NA,NA,NA,NA,"milligram","Oral Tablet",FALSE,"GOLD_100k"
"145",19021637,"ciprofloxacin 100 MG Oral Tablet",1797513,"ciprofloxacin",134,95,"Drug","RxNorm","Clinical Drug","S","199370",1970-01-01,2099-12-31,NA,100,8576,NA,NA,NA,NA,NA,NA,NA,"milligram","Oral Tablet",FALSE,"GOLD_100k"
"146",19075377,"ciprofloxacin 0.003 MG/MG Ophthalmic Ointment",1797513,"ciprofloxacin",17,14,"Drug","RxNorm","Clinical Drug","S","309306",1970-01-01,2099-12-31,NA,NA,NA,0.003,8576,"milligram",NA,8576,"milligram",NA,NA,"Ophthalmic Ointment",FALSE,"GOLD_100k"
"147",19075378,"ciprofloxacin 3 MG/ML Ophthalmic Solution",1797513,"ciprofloxacin",454,281,"Drug","RxNorm","Clinical Drug","S","309307",1970-01-01,2099-12-31,NA,NA,NA,3,8576,"milligram",NA,8587,"milliliter",NA,NA,"Ophthalmic Solution",FALSE,"GOLD_100k"
"148",19075379,"ciprofloxacin 50 MG/ML Oral Suspension",1797513,"ciprofloxacin",253,114,"Drug","RxNorm","Clinical Drug","S","309308",1970-01-01,2099-12-31,NA,NA,NA,50,8576,"milligram",NA,8587,"milliliter",NA,NA,"Oral Suspension",FALSE,"GOLD_100k"
"149",19075380,"ciprofloxacin 500 MG Oral Tablet",1797513,"ciprofloxacin",6695,3444,"Drug","RxNorm","Clinical Drug","S","309309",1970-01-01,2099-12-31,NA,500,8576,NA,NA,NA,NA,NA,NA,NA,"milligram","Oral Tablet",FALSE,"GOLD_100k"
"150",21032606,"Ciprofloxacin 500 MG Oral Tablet by A A H",1797513,"ciprofloxacin",NA,NA,"Drug","RxNorm Extension","Marketed Product","S","OMOP359946",2017-08-24,2099-12-31,NA,500,8576,NA,NA,NA,NA,NA,NA,NA,"milligram","Oral Tablet",TRUE,"GOLD_100k"
"151",21062121,"Ciprofloxacin 500 MG Oral Tablet [Ciproxin] by Bayer",1797513,"ciprofloxacin",305,213,"Drug","RxNorm Extension","Marketed Product","S","OMOP360013",2017-08-24,2099-12-31,NA,500,8576,NA,NA,NA,NA,NA,NA,NA,"milligram","Oral Tablet",FALSE,"GOLD_100k"
"152",21091473,"Ciprofloxacin 0.003 MG/MG Ophthalmic Ointment [Ciloxan] by Alcon",1797513,"ciprofloxacin",NA,NA,"Drug","RxNorm Extension","Marketed Product","S","OMOP359921",2017-08-24,2099-12-31,NA,NA,NA,0.003,8576,"milligram",NA,8576,"milligram",NA,NA,"Ophthalmic Ointment",TRUE,"GOLD_100k"
"153",21111205,"Ciprofloxacin 750 MG Oral Tablet [Ciproxin] by Bayer",1797513,"ciprofloxacin",NA,NA,"Drug","RxNorm Extension","Marketed Product","S","OMOP359897",2017-08-24,2099-12-31,NA,750,8576,NA,NA,NA,NA,NA,NA,NA,"milligram","Oral Tablet",TRUE,"GOLD_100k"
"154",21111217,"Ciprofloxacin 50 MG/ML Oral Suspension [Ciproxin] by Bayer",1797513,"ciprofloxacin",22,18,"Drug","RxNorm Extension","Marketed Product","S","OMOP360047",2017-08-24,2099-12-31,NA,NA,NA,50,8576,"milligram",NA,8587,"milliliter",NA,NA,"Oral Suspension",FALSE,"GOLD_100k"
"155",21120863,"Ciprofloxacin 100 MG Oral Tablet [Ciproxin] by Bayer",1797513,"ciprofloxacin",20,10,"Drug","RxNorm Extension","Marketed Product","S","OMOP359680",2017-08-24,2099-12-31,NA,100,8576,NA,NA,NA,NA,NA,NA,NA,"milligram","Oral Tablet",FALSE,"GOLD_100k"
"156",21120866,"Ciprofloxacin 250 MG Oral Tablet by TEVA",1797513,"ciprofloxacin",NA,NA,"Drug","RxNorm Extension","Marketed Product","S","OMOP359707",2017-08-24,2099-12-31,NA,250,8576,NA,NA,NA,NA,NA,NA,NA,"milligram","Oral Tablet",TRUE,"GOLD_100k"
"157",21120876,"Ciprofloxacin 3 MG/ML Otic Solution",1797513,"ciprofloxacin",NA,NA,"Drug","RxNorm Extension","Clinical Drug","S","OMOP359820",2017-08-24,2099-12-31,NA,NA,NA,3,8576,"milligram",NA,8587,"milliliter",NA,NA,"Otic Solution",TRUE,"GOLD_100k"
"158",21140601,"Ciprofloxacin 250 MG Oral Tablet [Ciproxin] by Bayer",1797513,"ciprofloxacin",535,340,"Drug","RxNorm Extension","Marketed Product","S","OMOP359774",2017-08-24,2099-12-31,NA,250,8576,NA,NA,NA,NA,NA,NA,NA,"milligram","Oral Tablet",FALSE,"GOLD_100k"
"159",36063774,"ciprofloxacin 3 MG/ML / dexamethasone 1 MG/ML Otic Solution [Cilodex] by Consilient",1797513,"ciprofloxacin",20,15,"Drug","RxNorm Extension","Marketed Product","S","OMOP4989911",2020-08-17,2099-12-31,NA,NA,NA,3,8576,"milligram",NA,8587,"milliliter",NA,NA,"Otic Solution",FALSE,"GOLD_100k"
"160",36808530,"0.25 ML Ciprofloxacin 3 MG/ML / fluocinolone 0.25 MG/ML Otic Solution",1797513,"ciprofloxacin",NA,NA,"Drug","RxNorm Extension","Quant Clinical Drug","S","OMOP4822574",2019-01-28,2099-12-31,NA,NA,NA,0.75,8576,"milligram",0.25,8587,"milliliter",NA,NA,"Otic Solution",TRUE,"GOLD_100k"
"161",36808533,"0.25 ML Ciprofloxacin 3 MG/ML / fluocinolone 0.25 MG/ML Otic Solution [CETRAXAL PLUS] by Aspire",1797513,"ciprofloxacin",NA,NA,"Drug","RxNorm Extension","Marketed Product","S","OMOP4822577",2019-01-28,2099-12-31,NA,NA,NA,0.75,8576,"milligram",0.25,8587,"milliliter",NA,NA,"Otic Solution",TRUE,"GOLD_100k"
"162",40719628,"0.25 ML Ciprofloxacin 2 MG/ML Otic Solution [Cetraxal] by Aspire",1797513,"ciprofloxacin",6,5,"Drug","RxNorm Extension","Marketed Product","S","OMOP4737536",2018-06-04,2099-12-31,NA,NA,NA,0.5,8576,"milligram",0.25,8587,"milliliter",NA,NA,"Otic Solution",FALSE,"GOLD_100k"
"163",40719630,"0.25 ML Ciprofloxacin 2 MG/ML Otic Solution",1797513,"ciprofloxacin",47,33,"Drug","RxNorm Extension","Quant Clinical Drug","S","OMOP4737533",2018-06-04,2099-12-31,NA,NA,NA,0.5,8576,"milligram",0.25,8587,"milliliter",NA,NA,"Otic Solution",FALSE,"GOLD_100k"
"164",40737701,"Ciprofloxacin 3 MG/ML Ophthalmic Solution [Ciloxan] by Novartis",1797513,"ciprofloxacin",35,29,"Drug","RxNorm Extension","Marketed Product","S","OMOP4719503",2018-06-04,2099-12-31,NA,NA,NA,3,8576,"milligram",NA,8587,"milliliter",NA,NA,"Ophthalmic Solution",FALSE,"GOLD_100k"
"165",42479124,"Ciprofloxacin 3 MG/ML / Dexamethasone 1 MG/ML Otic Solution",1797513,"ciprofloxacin",109,80,"Drug","RxNorm Extension","Clinical Drug","S","OMOP419327",2017-08-24,2099-12-31,NA,NA,NA,3,8576,"milligram",NA,8587,"milliliter",NA,NA,"Otic Solution",FALSE,"GOLD_100k"
"166",36057597,"fosfomycin 3000 MG Oral Granules [Monuril] by Profile",956653,"fosfomycin",10,5,"Drug","RxNorm Extension","Marketed Product","S","OMOP4983140",2020-08-17,2099-12-31,NA,3000,8576,NA,NA,NA,NA,NA,NA,NA,"milligram","Oral Granules",FALSE,"GOLD_100k"
"167",43151267,"Fosfomycin 3000 MG Granules for Oral Solution",956653,"fosfomycin",415,187,"Drug","RxNorm Extension","Clinical Drug","S","OMOP495962",2017-08-24,2099-12-31,NA,3000,8576,NA,NA,NA,NA,NA,NA,NA,"milligram","Granules for Oral Solution",FALSE,"GOLD_100k"
"168",40754389,"Fosfomycin 3000 MG Oral Granules [Monuril]",956653,"fosfomycin",NA,NA,"Drug","RxNorm Extension","Branded Drug","S","OMOP4703336",2018-06-04,2099-12-31,NA,3000,8576,NA,NA,NA,NA,NA,NA,NA,"milligram","Oral Granules",TRUE,"GOLD_100k"
"169",21112720,"isoniazid 150 MG / Rifampin 300 MG Oral Tablet [Rimactazid] by Movianto",1763204,"rifampin",NA,NA,"Drug","RxNorm Extension","Marketed Product","S","OMOP386329",2017-08-24,2099-12-31,NA,300,8576,NA,NA,NA,NA,NA,NA,NA,"milligram","Oral Tablet",TRUE,"GOLD_100k"
"170",1763211,"isoniazid 100 MG / rifampin 150 MG Oral Tablet",1763204,"rifampin",NA,NA,"Drug","RxNorm","Clinical Drug","S","199755",1970-01-01,2099-12-31,NA,150,8576,NA,NA,NA,NA,NA,NA,NA,"milligram","Oral Tablet",TRUE,"GOLD_100k"
"171",21083237,"isoniazid 100 MG / Rifampin 150 MG Oral Tablet [Rimactazid] by Movianto",1763204,"rifampin",NA,NA,"Drug","RxNorm Extension","Marketed Product","S","OMOP386350",2017-08-24,2099-12-31,NA,150,8576,NA,NA,NA,NA,NA,NA,NA,"milligram","Oral Tablet",TRUE,"GOLD_100k"
"172",44076024,"isoniazid 50 MG / Pyrazinamide 300 MG / Rifampin 120 MG Oral Tablet [Rifater] by Sanofi",1763204,"rifampin",24,16,"Drug","RxNorm Extension","Marketed Product","S","OMOP1070655",2017-08-24,2099-12-31,NA,120,8576,NA,NA,NA,NA,NA,NA,NA,"milligram","Oral Tablet",FALSE,"GOLD_100k"
"173",21142126,"isoniazid 100 MG / Rifampin 150 MG Oral Tablet [Rifinah]",1763204,"rifampin",25,5,"Drug","RxNorm Extension","Branded Drug","S","OMOP386353",2017-08-24,2099-12-31,NA,150,8576,NA,NA,NA,NA,NA,NA,NA,"milligram","Oral Tablet",FALSE,"GOLD_100k"
"174",1763256,"rifampin 20 MG/ML Oral Suspension",1763204,"rifampin",80,21,"Drug","RxNorm","Clinical Drug","S","246297",1970-01-01,2099-12-31,NA,NA,NA,20,8576,"milligram",NA,8587,"milliliter",NA,NA,"Oral Suspension",FALSE,"GOLD_100k"
"175",21102895,"Rifampin 300 MG Oral Capsule [Rifadin] by Sanofi",1763204,"rifampin",NA,NA,"Drug","RxNorm Extension","Marketed Product","S","OMOP386256",2017-08-24,2099-12-31,NA,300,8576,NA,NA,NA,NA,NA,NA,NA,"milligram","Oral Capsule",TRUE,"GOLD_100k"
"176",21043995,"isoniazid 150 MG / Rifampin 300 MG Oral Tablet [Rifinah]",1763204,"rifampin",41,13,"Drug","RxNorm Extension","Branded Drug","S","OMOP386332",2017-08-24,2099-12-31,NA,300,8576,NA,NA,NA,NA,NA,NA,NA,"milligram","Oral Tablet",FALSE,"GOLD_100k"
"177",1782544,"isoniazid 150 MG / rifampin 300 MG Oral Tablet",1763204,"rifampin",14,6,"Drug","RxNorm","Clinical Drug","S","199756",1970-01-01,2099-12-31,NA,300,8576,NA,NA,NA,NA,NA,NA,NA,"milligram","Oral Tablet",FALSE,"GOLD_100k"
"178",21083232,"Rifampin 150 MG Oral Capsule [Rimactane] by Sandoz",1763204,"rifampin",NA,NA,"Drug","RxNorm Extension","Marketed Product","S","OMOP386308",2017-08-24,2099-12-31,NA,150,8576,NA,NA,NA,NA,NA,NA,NA,"milligram","Oral Capsule",TRUE,"GOLD_100k"
"179",41021185,"Rifampin 300 MG Injectable Solution",1763204,"rifampin",NA,NA,"Drug","RxNorm Extension","Clinical Drug","S","OMOP2219147",2017-08-24,2099-12-31,NA,300,8576,NA,NA,NA,NA,NA,NA,NA,"milligram","Injectable Solution",TRUE,"GOLD_100k"
"180",21073515,"isoniazid 150 MG / Rifampin 300 MG Oral Tablet [Rifinah] by Sanofi",1763204,"rifampin",23,10,"Drug","RxNorm Extension","Marketed Product","S","OMOP386337",2017-08-24,2099-12-31,NA,300,8576,NA,NA,NA,NA,NA,NA,NA,"milligram","Oral Tablet",FALSE,"GOLD_100k"
"181",21122348,"Rifampin 20 MG/ML Oral Suspension [Rifadin] by Sanofi",1763204,"rifampin",NA,NA,"Drug","RxNorm Extension","Marketed Product","S","OMOP386314",2017-08-24,2099-12-31,NA,NA,NA,20,8576,"milligram",NA,8587,"milliliter",NA,NA,"Oral Suspension",TRUE,"GOLD_100k"
"182",19019700,"rifampin 150 MG Oral Capsule",1763204,"rifampin",29,14,"Drug","RxNorm","Clinical Drug","S","198201",1970-01-01,2099-12-31,NA,150,8576,NA,NA,NA,NA,NA,NA,NA,"milligram","Oral Capsule",FALSE,"GOLD_100k"
"183",19019811,"rifampin 300 MG Oral Capsule",1763204,"rifampin",369,107,"Drug","RxNorm","Clinical Drug","S","198202",1970-01-01,2099-12-31,NA,300,8576,NA,NA,NA,NA,NA,NA,NA,"milligram","Oral Capsule",FALSE,"GOLD_100k"
"184",40050296,"isoniazid / pyrazinamide / rifampin Oral Tablet",1763204,"rifampin",NA,NA,"Drug","RxNorm","Clinical Drug Form","S","240572",1970-01-01,2099-12-31,NA,NA,8576,NA,NA,NA,NA,NA,NA,NA,"milligram","Oral Tablet",TRUE,"GOLD_100k"
